-- Create Database
CREATE DATABASE IF NOT EXISTS student_db;
USE student_db;

-- Create Students Table
CREATE TABLE IF NOT EXISTS students (
  student_id VARCHAR(10) PRIMARY KEY,
  first_name VARCHAR(50) NOT NULL,
  last_name VARCHAR(50) NOT NULL,
  date_of_birth DATE,
  gender VARCHAR(20),
  nationality VARCHAR(50),
  email VARCHAR(100),
  phone VARCHAR(20),
  address VARCHAR(200)
);

-- Create Academic Records Table
CREATE TABLE IF NOT EXISTS academic_records (
  id INT AUTO_INCREMENT PRIMARY KEY,
  student_id VARCHAR(10) NOT NULL,
  university VARCHAR(100),
  major VARCHAR(100),
  minor VARCHAR(100),
  degree VARCHAR(100),
  gpa DECIMAL(3,2),
  credits_completed INT,
  graduation_year INT,
  enrollment_status VARCHAR(50),
  FOREIGN KEY (student_id) REFERENCES students(student_id)
);

-- Create Work Experience Table
CREATE TABLE IF NOT EXISTS work_experience (
  id INT AUTO_INCREMENT PRIMARY KEY,
  student_id VARCHAR(10) NOT NULL,
  company VARCHAR(100),
  title VARCHAR(100),
  start_date VARCHAR(20),
  end_date VARCHAR(20),
  duration_months INT,
  description TEXT,
  FOREIGN KEY (student_id) REFERENCES students(student_id)
);

-- Create English Scores Table
CREATE TABLE IF NOT EXISTS english_scores (
  id INT AUTO_INCREMENT PRIMARY KEY,
  student_id VARCHAR(10) NOT NULL,
  test VARCHAR(50),
  score INT,
  level VARCHAR(50),
  date_taken VARCHAR(20),
  FOREIGN KEY (student_id) REFERENCES students(student_id)
);

-- Create Courses Table
CREATE TABLE IF NOT EXISTS courses (
  id INT AUTO_INCREMENT PRIMARY KEY,
  student_id VARCHAR(10) NOT NULL,
  course_name VARCHAR(100),
  FOREIGN KEY (student_id) REFERENCES students(student_id)
);

-- Create Honors Table
CREATE TABLE IF NOT EXISTS honors (
  id INT AUTO_INCREMENT PRIMARY KEY,
  student_id VARCHAR(10) NOT NULL,
  honor_name VARCHAR(100),
  FOREIGN KEY (student_id) REFERENCES students(student_id)
);

-- Create Documents Table
CREATE TABLE IF NOT EXISTS documents (
  id INT AUTO_INCREMENT PRIMARY KEY,
  student_id VARCHAR(10) NOT NULL,
  document_type VARCHAR(50),
  document_name VARCHAR(200),
  file_path VARCHAR(500),
  upload_date VARCHAR(20),
  FOREIGN KEY (student_id) REFERENCES students(student_id)
);

-- Insert Students Data
INSERT INTO students VALUES
('STU0001', 'Alice', 'Smith', '1998-01-03', 'Male', 'Canadian', 'alice.smith74@university.edu', '+1-816-127-4257', '833 University Dr, Chicago, USA'),
('STU0002', 'Bob', 'Johnson', '2001-07-19', 'Non-binary', 'American', 'bob.johnson73@university.edu', '+1-556-880-3871', '743 Elm Blvd, Austin, USA'),
('STU0003', 'Catherine', 'Williams', '2002-01-06', 'Female', 'German', 'catherine.williams84@university.edu', '+1-868-720-5618', '131 Main St, Los Angeles, USA'),
('STU0004', 'David', 'Brown', '2001-08-14', 'Male', 'American', 'david.brown82@university.edu', '+1-342-756-3083', '879 University Dr, New York, USA'),
('STU0005', 'Emily', 'Jones', '2000-11-14', 'Female', 'American', 'emily.jones44@university.edu', '+1-612-861-8571', '278 Park Rd, Boston, USA'),
('STU0006', 'Frank', 'Garcia', '1999-04-18', 'Male', 'French', 'frank.garcia74@university.edu', '+1-892-893-4826', '415 Oak Ave, Seattle, USA'),
('STU0007', 'Grace', 'Miller', '2000-10-17', 'Female', 'Japanese', 'grace.miller76@university.edu', '+1-484-519-1126', '929 Park Rd, Chicago, USA'),
('STU0008', 'Henry', 'Davis', '2001-01-15', 'Male', 'British', 'henry.davis72@university.edu', '+1-434-665-6703', '382 Elm Blvd, San Francisco, USA'),
('STU0009', 'Isabella', 'Rodriguez', '2002-11-14', 'Female', 'Brazilian', 'isabella.rodriguez80@university.edu', '+1-897-800-1574', '749 Main St, Los Angeles, USA'),
('STU0010', 'James', 'Martinez', '2001-01-27', 'Male', 'American', 'james.martinez64@university.edu', '+1-481-282-4199', '284 Park Rd, Seattle, USA'),
('STU0011', 'Karen', 'Hernandez', '1999-10-15', 'Female', 'American', 'karen.hernandez24@university.edu', '+1-247-839-2523', '591 University Dr, Austin, USA'),
('STU0012', 'Liam', 'Lopez', '2002-03-21', 'Male', 'American', 'liam.lopez73@university.edu', '+1-556-741-3882', '115 Elm Blvd, Chicago, USA'),
('STU0013', 'Mia', 'Gonzalez', '2000-06-24', 'Female', 'American', 'mia.gonzalez71@university.edu', '+1-716-196-4785', '617 Park Rd, New York, USA'),
('STU0014', 'Nathan', 'Wilson', '2001-04-18', 'Male', 'Australian', 'nathan.wilson65@university.edu', '+1-279-748-2453', '352 Oak Ave, Boston, USA'),
('STU0015', 'Olivia', 'Anderson', '1999-09-11', 'Female', 'Canadian', 'olivia.anderson76@university.edu', '+1-736-475-3887', '193 University Dr, San Francisco, USA'),
('STU0016', 'Patrick', 'Thomas', '2000-02-27', 'Male', 'American', 'patrick.thomas74@university.edu', '+1-573-302-2749', '858 Main St, Chicago, USA'),
('STU0017', 'Quinn', 'Taylor', '2002-07-12', 'Non-binary', 'Indian', 'quinn.taylor81@university.edu', '+1-829-574-5361', '424 Elm Blvd, Austin, USA'),
('STU0018', 'Rachel', 'Moore', '2001-05-14', 'Female', 'American', 'rachel.moore73@university.edu', '+1-627-638-2956', '767 Park Rd, Los Angeles, USA'),
('STU0019', 'Samuel', 'Jackson', '2000-04-23', 'Male', 'American', 'samuel.jackson47@university.edu', '+1-441-895-1436', '234 Oak Ave, New York, USA'),
('STU0020', 'Tina', 'Martin', '2002-09-19', 'Female', 'Chinese', 'tina.martin76@university.edu', '+1-733-451-2274', '589 University Dr, Seattle, USA'),
('STU0021', 'Umar', 'Lee', '1999-12-16', 'Male', 'Indian', 'umar.lee71@university.edu', '+1-285-960-3244', '112 Main St, Boston, USA'),
('STU0022', 'Victoria', 'Perez', '2001-03-07', 'Female', 'American', 'victoria.perez69@university.edu', '+1-696-218-3614', '345 Elm Blvd, Chicago, USA'),
('STU0023', 'William', 'Thompson', '2000-08-22', 'Male', 'American', 'william.thompson80@university.edu', '+1-897-543-1122', '678 Park Rd, San Francisco, USA'),
('STU0024', 'Xena', 'White', '2002-05-30', 'Female', 'Australian', 'xena.white77@university.edu', '+1-334-621-4453', '901 Oak Ave, Austin, USA'),
('STU0025', 'Yusuf', 'Harris', '2001-11-09', 'Male', 'American', 'yusuf.harris74@university.edu', '+1-452-887-3391', '123 University Dr, New York, USA'),
('STU0026', 'Zara', 'Sanchez', '2000-07-14', 'Female', 'American', 'zara.sanchez83@university.edu', '+1-578-334-2219', '456 Elm Blvd, Los Angeles, USA'),
('STU0027', 'Aaron', 'Clark', '2001-02-18', 'Male', 'American', 'aaron.clark72@university.edu', '+1-663-219-4478', '789 Main St, Seattle, USA'),
('STU0028', 'Bella', 'Ramirez', '2002-10-25', 'Female', 'American', 'bella.ramirez75@university.edu', '+1-741-556-3367', '321 Park Rd, Boston, USA'),
('STU0029', 'Carlos', 'Lewis', '1999-06-03', 'Male', 'Brazilian', 'carlos.lewis79@university.edu', '+1-892-447-2234', '654 Oak Ave, Chicago, USA'),
('STU0030', 'Diana', 'Robinson', '2001-09-28', 'Female', 'American', 'diana.robinson68@university.edu', '+1-384-772-1145', '987 University Dr, San Francisco, USA'),
('STU0031', 'Ethan', 'Walker', '2000-03-15', 'Male', 'American', 'ethan.walker73@university.edu', '+1-557-334-2289', '147 Elm Blvd, Austin, USA'),
('STU0032', 'Fiona', 'Young', '2002-01-20', 'Female', 'Canadian', 'fiona.young80@university.edu', '+1-669-228-3356', '258 Park Rd, New York, USA'),
('STU0033', 'George', 'Allen', '2001-06-11', 'Male', 'American', 'george.allen77@university.edu', '+1-774-115-4423', '369 Oak Ave, Los Angeles, USA'),
('STU0034', 'Hannah', 'King', '2000-12-04', 'Female', 'American', 'hannah.king74@university.edu', '+1-882-667-3312', '741 Main St, Seattle, USA'),
('STU0035', 'Ivan', 'Wright', '2001-08-17', 'Male', 'American', 'ivan.wright76@university.edu', '+1-443-891-2278', '852 Elm Blvd, Boston, USA');

-- Insert Academic Records
INSERT INTO academic_records VALUES
(1, 'STU0001', 'MIT', 'Business Administration', 'Mathematics', 'Bachelor of Arts', 3.61, 127, 2024, 'Graduated'),
(2, 'STU0002', 'University of Michigan', 'Electrical Engineering', 'Statistics', 'Bachelor of Science', 3.08, 93, 2026, 'Enrolled'),
(3, 'STU0003', 'Georgia Tech', 'Psychology', NULL, 'Bachelor of Arts', 2.64, 90, 2025, 'Graduated'),
(4, 'STU0004', 'University of Washington', 'Data Science', 'Statistics', 'Bachelor of Science', 3.73, 137, 2025, 'Graduated'),
(5, 'STU0005', 'Harvard University', 'Biology', NULL, 'Bachelor of Science', 3.21, 143, 2024, 'Graduated'),
(6, 'STU0006', 'Purdue University', 'Mechanical Engineering', 'Environmental Studies', 'Bachelor of Engineering', 3.52, 148, 2023, 'Graduated'),
(7, 'STU0007', 'Carnegie Mellon University', 'Computer Science', 'Philosophy', 'Bachelor of Science', 3.9, 119, 2024, 'Graduated'),
(8, 'STU0008', 'University of Texas', 'Economics', 'Mathematics', 'Bachelor of Arts', 2.73, 108, 2026, 'Enrolled'),
(9, 'STU0009', 'Stanford University', 'Marketing', 'Communications', 'Bachelor of Arts', 3.85, 122, 2026, 'Enrolled'),
(10, 'STU0010', 'MIT', 'Civil Engineering', NULL, 'Bachelor of Engineering', 3.38, 140, 2025, 'Graduated'),
(11, 'STU0011', 'University of California Berkeley', 'Computer Science', 'Statistics', 'Bachelor of Science', 3.95, 132, 2023, 'Graduated'),
(12, 'STU0012', 'Georgia Tech', 'Electrical Engineering', NULL, 'Bachelor of Science', 2.53, 91, 2026, 'Enrolled'),
(13, 'STU0013', 'Harvard University', 'Psychology', 'Philosophy', 'Bachelor of Arts', 3.44, 118, 2024, 'Graduated'),
(14, 'STU0014', 'Purdue University', 'Business Administration', NULL, 'Bachelor of Science', 3.16, 104, 2025, 'Graduated'),
(15, 'STU0015', 'Stanford University', 'Data Science', 'Mathematics', 'Bachelor of Science', 3.82, 138, 2023, 'Graduated'),
(16, 'STU0016', 'University of Michigan', 'Mechanical Engineering', NULL, 'Bachelor of Engineering', 3.27, 145, 2024, 'Graduated'),
(17, 'STU0017', 'Carnegie Mellon University', 'Computer Science', 'Communications', 'Bachelor of Science', 3.67, 101, 2026, 'Enrolled'),
(18, 'STU0018', 'University of Texas', 'Biology', 'Environmental Studies', 'Bachelor of Science', 2.94, 112, 2025, 'Graduated'),
(19, 'STU0019', 'University of Washington', 'Economics', NULL, 'Bachelor of Arts', 3.55, 126, 2024, 'Graduated'),
(20, 'STU0020', 'MIT', 'Data Science', 'Statistics', 'Bachelor of Science', 3.78, 116, 2026, 'Enrolled'),
(21, 'STU0021', 'Georgia Tech', 'Computer Science', NULL, 'Bachelor of Science', 3.42, 135, 2023, 'Graduated'),
(22, 'STU0022', 'Harvard University', 'Marketing', 'Communications', 'Bachelor of Arts', 3.63, 121, 2025, 'Graduated'),
(23, 'STU0023', 'Purdue University', 'Civil Engineering', 'Mathematics', 'Bachelor of Engineering', 3.11, 142, 2024, 'Graduated'),
(24, 'STU0024', 'University of California Berkeley', 'Psychology', 'Philosophy', 'Bachelor of Arts', 3.49, 99, 2026, 'Enrolled'),
(25, 'STU0025', 'University of Michigan', 'Business Administration', 'Statistics', 'Bachelor of Science', 2.87, 107, 2025, 'Graduated'),
(26, 'STU0026', 'Stanford University', 'Biology', 'Environmental Studies', 'Bachelor of Science', 3.71, 130, 2024, 'Graduated'),
(27, 'STU0027', 'Carnegie Mellon University', 'Electrical Engineering', 'Mathematics', 'Bachelor of Science', 3.33, 114, 2025, 'Graduated'),
(28, 'STU0028', 'University of Texas', 'Marketing', NULL, 'Bachelor of Arts', 3.56, 103, 2026, 'Enrolled'),
(29, 'STU0029', 'University of Washington', 'Mechanical Engineering', 'Statistics', 'Bachelor of Engineering', 3.19, 148, 2023, 'Graduated'),
(30, 'STU0030', 'MIT', 'Economics', 'Philosophy', 'Bachelor of Arts', 3.88, 129, 2025, 'Graduated'),
(31, 'STU0031', 'Georgia Tech', 'Computer Science', 'Statistics', 'Bachelor of Science', 3.44, 123, 2024, 'Graduated'),
(32, 'STU0032', 'Harvard University', 'Biology', 'Environmental Studies', 'Bachelor of Science', 3.62, 108, 2026, 'Enrolled'),
(33, 'STU0033', 'University of California Berkeley', 'Civil Engineering', 'Mathematics', 'Bachelor of Engineering', 3.25, 139, 2025, 'Graduated'),
(34, 'STU0034', 'Stanford University', 'Computer Science', 'Philosophy', 'Bachelor of Science', 3.97, 125, 2024, 'Graduated'),
(35, 'STU0035', 'Purdue University', 'Data Science', 'Statistics', 'Bachelor of Science', 3.46, 118, 2025, 'Graduated');

-- Insert Work Experience
INSERT INTO work_experience VALUES
(1, 'STU0001', 'JPMorgan', 'Product Manager Intern', '2020-03', '2020-08', 4, 'Contributed to key projects and collaborated with cross-functional teams.'),
(2, 'STU0001', 'Apple', 'Data Analyst Intern', '2021-04', '2022-07', 7, 'Contributed to key projects and collaborated with cross-functional teams.'),
(3, 'STU0002', 'Startup Inc.', 'UX Designer Intern', '2022-06', '2023-09', 4, 'Contributed to key projects and collaborated with cross-functional teams.'),
(4, 'STU0004', 'IBM', 'Data Analyst Intern', '2022-06', '2022-11', 8, 'Contributed to key projects and collaborated with cross-functional teams.'),
(5, 'STU0004', 'Meta', 'Machine Learning Intern', '2023-05', '2024-09', 7, 'Contributed to key projects and collaborated with cross-functional teams.'),
(6, 'STU0004', 'Salesforce', 'Software Engineer Intern', '2024-05', '2025-07', 11, 'Contributed to key projects and collaborated with cross-functional teams.'),
(7, 'STU0005', 'Deloitte', 'Business Analyst Intern', '2021-06', '2022-08', 12, 'Contributed to key projects and collaborated with cross-functional teams.'),
(8, 'STU0006', 'Tesla', 'Operations Intern', '2021-01', '2021-07', 10, 'Contributed to key projects and collaborated with cross-functional teams.'),
(9, 'STU0006', 'Oracle', 'IT Support Intern', '2022-03', '2023-08', 11, 'Contributed to key projects and collaborated with cross-functional teams.'),
(10, 'STU0008', 'Goldman Sachs', 'Financial Analyst Intern', '2023-04', '2024-08', 10, 'Contributed to key projects and collaborated with cross-functional teams.'),
(11, 'STU0009', 'Adobe', 'Marketing Intern', '2023-01', '2024-10', 4, 'Contributed to key projects and collaborated with cross-functional teams.'),
(12, 'STU0009', 'Meta', 'UX Designer Intern', '2024-05', '2025-07', 7, 'Contributed to key projects and collaborated with cross-functional teams.'),
(13, 'STU0011', 'Google', 'Software Engineer Intern', '2021-05', '2021-10', 9, 'Contributed to key projects and collaborated with cross-functional teams.'),
(14, 'STU0011', 'Microsoft', 'Machine Learning Intern', '2022-06', '2023-10', 12, 'Contributed to key projects and collaborated with cross-functional teams.'),
(15, 'STU0012', 'TechCorp', 'IT Support Intern', '2024-02', '2024-09', 5, 'Contributed to key projects and collaborated with cross-functional teams.'),
(16, 'STU0013', 'Accenture', 'HR Intern', '2022-02', '2022-09', 4, 'Contributed to key projects and collaborated with cross-functional teams.'),
(17, 'STU0013', 'McKinsey', 'Business Analyst Intern', '2023-03', '2024-08', 5, 'Contributed to key projects and collaborated with cross-functional teams.'),
(18, 'STU0015', 'Amazon', 'Data Analyst Intern', '2021-03', '2021-11', 5, 'Contributed to key projects and collaborated with cross-functional teams.'),
(19, 'STU0015', 'DataSystems', 'Machine Learning Intern', '2022-04', '2022-12', 9, 'Contributed to key projects and collaborated with cross-functional teams.'),
(20, 'STU0016', 'Tesla', 'Operations Intern', '2022-05', '2023-07', 11, 'Contributed to key projects and collaborated with cross-functional teams.'),
(21, 'STU0017', 'Google', 'Software Engineer Intern', '2024-05', '2025-08', 8, 'Contributed to key projects and collaborated with cross-functional teams.'),
(22, 'STU0019', 'JPMorgan', 'Financial Analyst Intern', '2022-01', '2022-10', 6, 'Contributed to key projects and collaborated with cross-functional teams.'),
(23, 'STU0019', 'Goldman Sachs', 'Business Analyst Intern', '2023-06', '2024-09', 9, 'Contributed to key projects and collaborated with cross-functional teams.'),
(24, 'STU0020', 'CloudBase', 'Data Analyst Intern', '2024-01', '2024-11', 6, 'Contributed to key projects and collaborated with cross-functional teams.'),
(25, 'STU0021', 'Microsoft', 'Software Engineer Intern', '2021-06', '2022-08', 7, 'Contributed to key projects and collaborated with cross-functional teams.'),
(26, 'STU0021', 'InnovateLab', 'Product Manager Intern', '2022-05', '2023-09', 8, 'Contributed to key projects and collaborated with cross-functional teams.'),
(27, 'STU0022', 'Adobe', 'Marketing Intern', '2023-02', '2024-07', 5, 'Contributed to key projects and collaborated with cross-functional teams.'),
(28, 'STU0024', 'Accenture', 'HR Intern', '2024-03', '2024-11', 6, 'Contributed to key projects and collaborated with cross-functional teams.'),
(29, 'STU0025', 'Deloitte', 'Business Analyst Intern', '2023-01', '2023-09', 7, 'Contributed to key projects and collaborated with cross-functional teams.'),
(30, 'STU0026', 'IBM', 'Research Assistant', '2022-05', '2023-07', 9, 'Contributed to key projects and collaborated with cross-functional teams.'),
(31, 'STU0026', 'DataSystems', 'Data Analyst Intern', '2023-06', '2024-10', 6, 'Contributed to key projects and collaborated with cross-functional teams.'),
(32, 'STU0027', 'Apple', 'Software Engineer Intern', '2023-05', '2024-08', 10, 'Contributed to key projects and collaborated with cross-functional teams.'),
(33, 'STU0028', 'Salesforce', 'Marketing Intern', '2024-04', '2025-07', 7, 'Contributed to key projects and collaborated with cross-functional teams.'),
(34, 'STU0029', 'Tesla', 'Operations Intern', '2021-02', '2021-10', 9, 'Contributed to key projects and collaborated with cross-functional teams.'),
(35, 'STU0029', 'TechCorp', 'Product Manager Intern', '2022-04', '2023-09', 5, 'Contributed to key projects and collaborated with cross-functional teams.'),
(36, 'STU0030', 'McKinsey', 'Business Analyst Intern', '2023-03', '2024-06', 8, 'Contributed to key projects and collaborated with cross-functional teams.'),
(37, 'STU0031', 'Amazon', 'Software Engineer Intern', '2022-06', '2023-09', 8, 'Contributed to key projects and collaborated with cross-functional teams.'),
(38, 'STU0031', 'Oracle', 'Data Analyst Intern', '2023-05', '2024-08', 6, 'Contributed to key projects and collaborated with cross-functional teams.'),
(39, 'STU0033', 'Deloitte', 'Operations Intern', '2023-04', '2024-07', 9, 'Contributed to key projects and collaborated with cross-functional teams.'),
(40, 'STU0034', 'Google', 'Software Engineer Intern', '2022-05', '2023-08', 11, 'Contributed to key projects and collaborated with cross-functional teams.'),
(41, 'STU0034', 'Apple', 'Machine Learning Intern', '2023-06', '2024-09', 9, 'Contributed to key projects and collaborated with cross-functional teams.'),
(42, 'STU0035', 'IBM', 'Data Analyst Intern', '2023-02', '2024-05', 7, 'Contributed to key projects and collaborated with cross-functional teams.');

-- Insert English Scores
INSERT INTO english_scores VALUES
(1, 'STU0001', 'IELTS', 8.4, 'Advanced', '2024-05'),
(2, 'STU0002', 'TOEFL', 99, 'Upper-Intermediate', '2022-09'),
(3, 'STU0003', 'IELTS', 6.5, 'Upper-Intermediate', '2024-11'),
(4, 'STU0004', 'TOEFL', 112, 'Advanced', '2023-07'),
(5, 'STU0005', 'Duolingo English Test', 130, 'Advanced', '2023-09'),
(6, 'STU0006', 'TOEFL', 104, 'Advanced', '2022-04'),
(7, 'STU0007', 'IELTS', 7.1, 'Upper-Intermediate', '2023-10'),
(8, 'STU0008', 'TOEFL', 88, 'Upper-Intermediate', '2022-11'),
(9, 'STU0009', 'Duolingo English Test', 145, 'Advanced', '2024-03'),
(10, 'STU0010', 'IELTS', 5.8, 'Intermediate', '2023-05'),
(11, 'STU0011', 'TOEFL', 118, 'Advanced', '2022-08'),
(12, 'STU0012', 'Duolingo English Test', 95, 'Intermediate', '2024-01'),
(13, 'STU0013', 'IELTS', 7.8, 'Advanced', '2023-06'),
(14, 'STU0014', 'TOEFL', 76, 'Intermediate', '2023-02'),
(15, 'STU0015', 'IELTS', 8.0, 'Advanced', '2022-07'),
(16, 'STU0016', 'Duolingo English Test', 115, 'Upper-Intermediate', '2023-04'),
(17, 'STU0017', 'TOEFL', 107, 'Advanced', '2024-06'),
(18, 'STU0018', 'IELTS', 6.0, 'Intermediate', '2024-08'),
(19, 'STU0019', 'Duolingo English Test', 140, 'Advanced', '2023-11'),
(20, 'STU0020', 'TOEFL', 115, 'Advanced', '2024-09'),
(21, 'STU0021', 'IELTS', 7.5, 'Advanced', '2022-03'),
(22, 'STU0022', 'Duolingo English Test', 125, 'Upper-Intermediate', '2024-02'),
(23, 'STU0023', 'TOEFL', 82, 'Intermediate', '2023-03'),
(24, 'STU0024', 'IELTS', 6.8, 'Upper-Intermediate', '2024-07'),
(25, 'STU0025', 'Duolingo English Test', 108, 'Intermediate', '2023-08'),
(26, 'STU0026', 'TOEFL', 110, 'Advanced', '2023-01'),
(27, 'STU0027', 'IELTS', 7.2, 'Upper-Intermediate', '2024-04'),
(28, 'STU0028', 'Duolingo English Test', 135, 'Advanced', '2024-11'),
(29, 'STU0029', 'TOEFL', 93, 'Upper-Intermediate', '2022-06'),
(30, 'STU0030', 'IELTS', 8.5, 'Advanced', '2024-01'),
(31, 'STU0031', 'Duolingo English Test', 120, 'Upper-Intermediate', '2023-07'),
(32, 'STU0032', 'TOEFL', 101, 'Advanced', '2024-05'),
(33, 'STU0033', 'IELTS', 6.3, 'Intermediate', '2023-09'),
(34, 'STU0034', 'TOEFL', 119, 'Advanced', '2023-02'),
(35, 'STU0035', 'Duolingo English Test', 128, 'Upper-Intermediate', '2024-06');

-- Insert Courses
INSERT INTO courses VALUES
(1, 'STU0001', 'Marketing Strategy'),
(2, 'STU0001', 'Supply Chain'),
(3, 'STU0001', 'Financial Accounting'),
(4, 'STU0001', 'Business Ethics'),
(5, 'STU0002', 'Circuit Analysis'),
(6, 'STU0002', 'Signal Processing'),
(7, 'STU0002', 'Electromagnetics'),
(8, 'STU0002', 'VLSI Design'),
(9, 'STU0002', 'Photonics'),
(10, 'STU0003', 'Cognitive Psychology'),
(11, 'STU0003', 'Developmental Psychology'),
(12, 'STU0003', 'Abnormal Psychology'),
(13, 'STU0003', 'Neuroscience'),
(14, 'STU0004', 'Statistical Learning'),
(15, 'STU0004', 'Big Data Analytics'),
(16, 'STU0004', 'Natural Language Processing'),
(17, 'STU0004', 'Deep Learning'),
(18, 'STU0004', 'Python Programming'),
(19, 'STU0005', 'Cell Biology'),
(20, 'STU0005', 'Genetics'),
(21, 'STU0005', 'Physiology'),
(22, 'STU0005', 'Evolutionary Biology'),
(23, 'STU0006', 'Thermodynamics'),
(24, 'STU0006', 'Fluid Mechanics'),
(25, 'STU0006', 'CAD Design'),
(26, 'STU0006', 'Control Systems'),
(27, 'STU0006', 'Robotics'),
(28, 'STU0007', 'Algorithms'),
(29, 'STU0007', 'Data Structures'),
(30, 'STU0007', 'Machine Learning'),
(31, 'STU0007', 'Database Systems'),
(32, 'STU0007', 'Computer Networks'),
(33, 'STU0008', 'Microeconomics'),
(34, 'STU0008', 'Macroeconomics'),
(35, 'STU0008', 'Econometrics'),
(36, 'STU0008', 'International Trade'),
(37, 'STU0008', 'Labor Economics'),
(38, 'STU0009', 'Consumer Behavior'),
(39, 'STU0009', 'Digital Marketing'),
(40, 'STU0009', 'Brand Management'),
(41, 'STU0009', 'Market Research'),
(42, 'STU0009', 'Social Media Strategy'),
(43, 'STU0010', 'Structural Analysis'),
(44, 'STU0010', 'Geotechnical Engineering'),
(45, 'STU0010', 'Hydraulics'),
(46, 'STU0010', 'Construction Management'),
(47, 'STU0011', 'Algorithms'),
(48, 'STU0011', 'Data Structures'),
(49, 'STU0011', 'Operating Systems'),
(50, 'STU0011', 'Machine Learning'),
(51, 'STU0011', 'Software Engineering'),
(52, 'STU0012', 'Circuit Analysis'),
(53, 'STU0012', 'Signal Processing'),
(54, 'STU0012', 'Power Systems'),
(55, 'STU0012', 'VLSI Design'),
(56, 'STU0013', 'Cognitive Psychology'),
(57, 'STU0013', 'Social Psychology'),
(58, 'STU0013', 'Research Methods'),
(59, 'STU0013', 'Developmental Psychology'),
(60, 'STU0013', 'Counseling'),
(61, 'STU0014', 'Financial Accounting'),
(62, 'STU0014', 'Marketing Strategy'),
(63, 'STU0014', 'Corporate Finance'),
(64, 'STU0014', 'Business Ethics'),
(65, 'STU0015', 'Statistical Learning'),
(66, 'STU0015', 'Big Data Analytics'),
(67, 'STU0015', 'Data Visualization'),
(68, 'STU0015', 'Natural Language Processing'),
(69, 'STU0015', 'Cloud Computing'),
(70, 'STU0016', 'Thermodynamics'),
(71, 'STU0016', 'Materials Science'),
(72, 'STU0016', 'CAD Design'),
(73, 'STU0016', 'Robotics'),
(74, 'STU0016', 'Manufacturing'),
(75, 'STU0017', 'Algorithms'),
(76, 'STU0017', 'Operating Systems'),
(77, 'STU0017', 'Machine Learning'),
(78, 'STU0017', 'Software Engineering'),
(79, 'STU0018', 'Cell Biology'),
(80, 'STU0018', 'Genetics'),
(81, 'STU0018', 'Ecology'),
(82, 'STU0018', 'Biochemistry'),
(83, 'STU0018', 'Microbiology'),
(84, 'STU0019', 'Microeconomics'),
(85, 'STU0019', 'Macroeconomics'),
(86, 'STU0019', 'Game Theory'),
(87, 'STU0019', 'Public Finance'),
(88, 'STU0020', 'Statistical Learning'),
(89, 'STU0020', 'Big Data Analytics'),
(90, 'STU0020', 'Data Visualization'),
(91, 'STU0020', 'Deep Learning'),
(92, 'STU0020', 'Python Programming'),
(93, 'STU0021', 'Algorithms'),
(94, 'STU0021', 'Data Structures'),
(95, 'STU0021', 'Database Systems'),
(96, 'STU0021', 'Computer Networks'),
(97, 'STU0021', 'Software Engineering'),
(98, 'STU0022', 'Consumer Behavior'),
(99, 'STU0022', 'Digital Marketing'),
(100, 'STU0022', 'Market Research'),
(101, 'STU0022', 'Advertising'),
(102, 'STU0022', 'E-commerce'),
(103, 'STU0023', 'Structural Analysis'),
(104, 'STU0023', 'Transportation Engineering'),
(105, 'STU0023', 'Hydraulics'),
(106, 'STU0023', 'Urban Planning'),
(107, 'STU0023', 'Environmental Engineering'),
(108, 'STU0024', 'Social Psychology'),
(109, 'STU0024', 'Research Methods'),
(110, 'STU0024', 'Developmental Psychology'),
(111, 'STU0024', 'Abnormal Psychology'),
(112, 'STU0024', 'Counseling'),
(113, 'STU0025', 'Financial Accounting'),
(114, 'STU0025', 'Operations Management'),
(115, 'STU0025', 'Corporate Finance'),
(116, 'STU0025', 'Supply Chain'),
(117, 'STU0025', 'Leadership'),
(118, 'STU0026', 'Cell Biology'),
(119, 'STU0026', 'Genetics'),
(120, 'STU0026', 'Biochemistry'),
(121, 'STU0026', 'Physiology'),
(122, 'STU0026', 'Evolutionary Biology'),
(123, 'STU0027', 'Circuit Analysis'),
(124, 'STU0027', 'Electromagnetics'),
(125, 'STU0027', 'Power Systems'),
(126, 'STU0027', 'Embedded Systems'),
(127, 'STU0027', 'Photonics'),
(128, 'STU0028', 'Consumer Behavior'),
(129, 'STU0028', 'Brand Management'),
(130, 'STU0028', 'Market Research'),
(131, 'STU0028', 'Social Media Strategy'),
(132, 'STU0028', 'E-commerce'),
(133, 'STU0029', 'Thermodynamics'),
(134, 'STU0029', 'Fluid Mechanics'),
(135, 'STU0029', 'Materials Science'),
(136, 'STU0029', 'Control Systems'),
(137, 'STU0029', 'Manufacturing'),
(138, 'STU0030', 'Microeconomics'),
(139, 'STU0030', 'Econometrics'),
(140, 'STU0030', 'International Trade'),
(141, 'STU0030', 'Game Theory'),
(142, 'STU0030', 'Labor Economics'),
(143, 'STU0031', 'Algorithms'),
(144, 'STU0031', 'Data Structures'),
(145, 'STU0031', 'Operating Systems'),
(146, 'STU0031', 'Computer Networks'),
(147, 'STU0031', 'Software Engineering'),
(148, 'STU0032', 'Cell Biology'),
(149, 'STU0032', 'Ecology'),
(150, 'STU0032', 'Biochemistry'),
(151, 'STU0032', 'Microbiology'),
(152, 'STU0032', 'Physiology'),
(153, 'STU0033', 'Structural Analysis'),
(154, 'STU0033', 'Geotechnical Engineering'),
(155, 'STU0033', 'Transportation Engineering'),
(156, 'STU0033', 'Construction Management'),
(157, 'STU0033', 'Urban Planning'),
(158, 'STU0034', 'Algorithms'),
(159, 'STU0034', 'Machine Learning'),
(160, 'STU0034', 'Database Systems'),
(161, 'STU0034', 'Computer Networks'),
(162, 'STU0034', 'Software Engineering'),
(163, 'STU0035', 'Statistical Learning'),
(164, 'STU0035', 'Big Data Analytics'),
(165, 'STU0035', 'Data Visualization'),
(166, 'STU0035', 'Natural Language Processing'),
(167, 'STU0035', 'Cloud Computing');

-- Insert Honors
INSERT INTO honors VALUES
(1, 'STU0004', 'Magna Cum Laude'),
(2, 'STU0004', 'Merit Scholarship'),
(3, 'STU0007', 'Summa Cum Laude'),
(4, 'STU0007', 'Magna Cum Laude'),
(5, 'STU0007', 'Research Award'),
(6, 'STU0009', 'Dean''s List'),
(7, 'STU0009', 'Leadership Award'),
(8, 'STU0011', 'Dean''s List'),
(9, 'STU0011', 'Summa Cum Laude'),
(10, 'STU0011', 'Magna Cum Laude'),
(11, 'STU0011', 'Community Service Award'),
(12, 'STU0015', 'Dean''s List'),
(13, 'STU0015', 'Merit Scholarship'),
(14, 'STU0017', 'Magna Cum Laude'),
(15, 'STU0020', 'Dean''s List'),
(16, 'STU0020', 'Research Award'),
(17, 'STU0026', 'Magna Cum Laude'),
(18, 'STU0026', 'Community Service Award'),
(19, 'STU0030', 'Dean''s List'),
(20, 'STU0030', 'Merit Scholarship'),
(21, 'STU0034', 'Dean''s List'),
(22, 'STU0034', 'Summa Cum Laude'),
(23, 'STU0034', 'Magna Cum Laude'),
(24, 'STU0034', 'Research Award');

-- Insert Documents
INSERT INTO documents VALUES
(1, 'STU0001', 'Resume', 'Alice_Smith_Resume.pdf', '/documents/STU0001_resume.pdf', '2024-01-15'),
(2, 'STU0001', 'Certificate', 'AWS_Solutions_Architect.pdf', '/documents/STU0001_aws_cert.pdf', '2024-02-10'),
(3, 'STU0001', 'Diploma', 'Bachelor_of_Arts.pdf', '/documents/STU0001_diploma.pdf', '2023-06-30'),
(4, 'STU0004', 'Resume', 'David_Brown_Resume.pdf', '/documents/STU0004_resume.pdf', '2024-01-20'),
(5, 'STU0004', 'Certificate', 'Google_Cloud_Professional.pdf', '/documents/STU0004_gcp_cert.pdf', '2024-03-05'),
(6, 'STU0004', 'Portfolio', 'Project_Portfolio.pdf', '/documents/STU0004_portfolio.pdf', '2024-01-10'),
(7, 'STU0007', 'Resume', 'Grace_Miller_Resume.pdf', '/documents/STU0007_resume.pdf', '2024-01-25'),
(8, 'STU0007', 'Certificate', 'Machine_Learning_Specialization.pdf', '/documents/STU0007_ml_cert.pdf', '2024-02-15'),
(9, 'STU0007', 'Diploma', 'Bachelor_of_Science.pdf', '/documents/STU0007_diploma.pdf', '2023-05-30'),
(10, 'STU0009', 'Resume', 'Isabella_Rodriguez_Resume.pdf', '/documents/STU0009_resume.pdf', '2024-01-18'),
(11, 'STU0009', 'Certificate', 'Digital_Marketing_Professional.pdf', '/documents/STU0009_marketing_cert.pdf', '2024-03-12'),
(12, 'STU0015', 'Resume', 'Olivia_Anderson_Resume.pdf', '/documents/STU0015_resume.pdf', '2024-02-01'),
(13, 'STU0015', 'Certificate', 'AWS_Solutions_Architect.pdf', '/documents/STU0015_aws_cert.pdf', '2024-03-20'),
(14, 'STU0015', 'Portfolio', 'Data_Science_Projects.pdf', '/documents/STU0015_portfolio.pdf', '2024-01-15'),
(15, 'STU0020', 'Resume', 'Tina_Martin_Resume.pdf', '/documents/STU0020_resume.pdf', '2024-02-05'),
(16, 'STU0020', 'Certificate', 'Kubernetes_Administrator.pdf', '/documents/STU0020_k8s_cert.pdf', '2024-03-25'),
(17, 'STU0021', 'Resume', 'Umar_Lee_Resume.pdf', '/documents/STU0021_resume.pdf', '2024-01-30'),
(18, 'STU0021', 'Certificate', 'Azure_Administrator.pdf', '/documents/STU0021_azure_cert.pdf', '2024-03-10'),
(19, 'STU0021', 'Diploma', 'Bachelor_of_Science.pdf', '/documents/STU0021_diploma.pdf', '2023-07-15'),
(20, 'STU0034', 'Resume', 'William_Thompson_Resume.pdf', '/documents/STU0034_resume.pdf', '2024-02-10'),
(21, 'STU0034', 'Certificate', 'Google_Cloud_Professional.pdf', '/documents/STU0034_gcp_cert.pdf', '2024-03-30'),
(22, 'STU0034', 'Certificate', 'AWS_Solutions_Architect.pdf', '/documents/STU0034_aws_cert.pdf', '2024-02-28'),
(23, 'STU0034', 'Portfolio', 'Machine_Learning_Projects.pdf', '/documents/STU0034_portfolio.pdf', '2024-01-20');
